{
  "sharpe": 1.720046479457672,
  "max_drawdown": -0.12132496894274301,
  "cumulative_return": 1.3738741097537859,
  "winrate": 0.5164075993091537,
  "turnover": 0.0017271157167530224
}