{
  "sharpe": 1.3293568516410241,
  "max_drawdown": -0.2599487285712936,
  "cumulative_return": 1.294214022885542,
  "winrate": 0.5008635578583766,
  "turnover": 0.0017271157167530224
}