{
  "sharpe": 0.4487091281241548,
  "max_drawdown": -0.18608555360293036,
  "cumulative_return": 0.16655519965884413,
  "winrate": 0.3229706390328152,
  "turnover": 0.0017271157167530224
}