{
  "sharpe": 0.1917215103107909,
  "max_drawdown": -0.18608555360291512,
  "cumulative_return": 0.042561534110125976,
  "winrate": 0.4853195164075993,
  "turnover": 0.0017271157167530224
}