{
  "sharpe": 1.4626657443091244,
  "max_drawdown": -0.2599487285712938,
  "cumulative_return": 1.293641873965187,
  "winrate": 0.3540587219343696,
  "turnover": 0.0017271157167530224
}