{
  "regression": {
    "sharpe": 1.06044424433382,
    "max_drawdown": -0.42821422262012165,
    "cumulative_return": 2.199439121251675,
    "winrate": 0.4943820224719101,
    "turnover": 0.0009363295880149813
  },
  "classification": {
    "sharpe": 0.02587102825942858,
    "max_drawdown": -0.17137829000546892,
    "cumulative_return": -0.009709447000894045,
    "winrate": 0.06554307116104868,
    "turnover": 0.0018726591760299626,
    "accuracy": 0.48408239700374533
  }
}