{
  "regression": {
    "sharpe": 1.5685704285775377,
    "max_drawdown": -0.1664426503205211,
    "cumulative_return": 3.145949049204212,
    "winrate": 0.5140449438202247,
    "turnover": 0.0009363295880149813
  },
  "classification": {
    "sharpe": 0.0,
    "max_drawdown": 0.0,
    "cumulative_return": 0.0,
    "winrate": 0.0,
    "turnover": 0.0,
    "accuracy": 0.4859550561797753
  }
}